{"cameraMode":{"drawMode":0,"name":"Shaded","section":"Shading Mode"},"sceneLighting":true,"audioPlay":false,"sceneViewState":{"showFog":true,"showMaterialUpdate":false,"showSkybox":true,"showFlares":true,"showImageEffects":true,"showParticleSystems":true},"in2DMode":false,"pivot":{"x":39.8084602355957,"y":-9.006301879882813,"z":-4.595742225646973},"rotation":{"x":-0.08715125173330307,"y":0.7478775978088379,"z":-0.6504164338111877,"w":-0.10021065920591355},"size":81.74029541015625,"orthographic":false}